{
  "best_config": {
    "hidden_channels": 128,
    "num_layers": 2,
    "output_lin": true,
    "dropout": 0.05,
    "lr": 0.001,
    "weight_decay": 1e-05,
    "hn_increase_rate": 2,
    "max_hn": 1,
    "ppr_start": 10,
    "ppr_end": 200
  },
  "train_stats": {
    "mean": 0.2565119375722461,
    "std": 0.3764306488657233,
    "n_users": 19456,
    "ci_low": 0.2512224418666409,
    "ci_high": 0.2618014332778513
  },
  "val_stats": {
    "mean": 0.24866984247751334,
    "std": 0.3759914825881905,
    "n_users": 20103,
    "ci_low": 0.24347223304500457,
    "ci_high": 0.2538674519100221
  },
  "test_stats": {
    "mean": 0.17421661839792052,
    "std": 0.3201171766799987,
    "n_users": 16565,
    "ci_low": 0.16934167778813397,
    "ci_high": 0.17909155900770707
  }
}