{
  "best_config": {
    "hidden_channels": 64,
    "num_layers": 3,
    "heads": 4,
    "dropout": 0.1,
    "lr": 0.001,
    "weight_decay": 0.0001,
    "hn_increase_rate": 5,
    "max_hn": 1,
    "ppr_start": 10,
    "ppr_end": 200
  },
  "train_stats": {
    "mean": 0.2567796994368563,
    "std": 0.3798457921107261,
    "n_users": 19456,
    "ci_low": 0.25144221511612924,
    "ci_high": 0.26211718375758336
  },
  "val_stats": {
    "mean": 0.2424906239031395,
    "std": 0.37747916191732767,
    "n_users": 20103,
    "ci_low": 0.23727244917468188,
    "ci_high": 0.24770879863159712
  },
  "test_stats": {
    "mean": 0.1621308221281044,
    "std": 0.3199228698045536,
    "n_users": 16565,
    "ci_low": 0.1572588405425342,
    "ci_high": 0.1670028037136746
  }
}