{
  "best_config": {
    "hidden_channels": 32,
    "num_layers": 2,
    "heads": 8,
    "dropout": 0.1,
    "lr": 0.001,
    "weight_decay": 1e-05,
    "hn_increase_rate": 3,
    "max_hn": 2,
    "ppr_start": 10,
    "ppr_end": 200
  },
  "train_stats": {
    "mean": 0.2993934160662944,
    "std": 0.3873798032708207,
    "n_users": 19456,
    "ci_low": 0.2939500659777363,
    "ci_high": 0.30483676615485245
  },
  "val_stats": {
    "mean": 0.2495237430338069,
    "std": 0.3774990996968456,
    "n_users": 20103,
    "ci_low": 0.24430529269061949,
    "ci_high": 0.25474219337699433
  },
  "test_stats": {
    "mean": 0.16318886269604227,
    "std": 0.3180953574565196,
    "n_users": 16565,
    "ci_low": 0.1583447115888385,
    "ci_high": 0.16803301380324603
  }
}