{
  "best_config": {
    "latdim": 64,
    "head": 4,
    "gcn_layer": 2,
    "gt_layer": 1,
    "lr": 0.0005,
    "weight_decay": 1e-05,
    "hn_increase_rate": 3,
    "max_hn": 2,
    "ppr_start": 10,
    "ppr_end": 100
  },
  "train_stats": {
    "mean": 0.4848473125415856,
    "std": 0.42131987785297514,
    "n_users": 19456,
    "ci_low": 0.47892704624205695,
    "ci_high": 0.4907675788411142
  },
  "val_stats": {
    "mean": 0.2757057006845547,
    "std": 0.39496060906535463,
    "n_users": 20103,
    "ci_low": 0.2702458669324271,
    "ci_high": 0.2811655344366823
  },
  "test_stats": {
    "mean": 0.16879848485747947,
    "std": 0.3294309287390003,
    "n_users": 16565,
    "ci_low": 0.1637817087216746,
    "ci_high": 0.17381526099328434
  }
}