{
  "best_config": {
    "latdim": 32,
    "head": 8,
    "gcn_layer": 3,
    "gt_layer": 1,
    "lr": 0.002,
    "weight_decay": 1e-05,
    "hn_increase_rate": 3,
    "max_hn": 2,
    "ppr_start": 10,
    "ppr_end": 100
  },
  "train_stats": {
    "mean": 0.4394981789118579,
    "std": 0.4211884354111076,
    "n_users": 19456,
    "ci_low": 0.4335797596038904,
    "ci_high": 0.4454165982198254
  },
  "val_stats": {
    "mean": 0.4212374620284565,
    "std": 0.4307159128370205,
    "n_users": 20103,
    "ci_low": 0.41528335616445405,
    "ci_high": 0.427191567892459
  },
  "test_stats": {
    "mean": 0.1886214327788626,
    "std": 0.34391614431257034,
    "n_users": 16565,
    "ci_low": 0.18338406690034703,
    "ci_high": 0.19385879865737815
  }
}